{"num_iteraciones": 9, "prob_mutacion": [0.1, 0.2, 0.30000000000000004, 0.4, 0.5, 0.6, 0.7000000000000001, 0.8, 0.9], "best_scores": [0.7835698372833814, 0.7834526626866085, 0.785376326734016, 0.7833803961159841, 0.783191246306888, 0.7842205666250774, 0.7832584820908463, 0.783227675806473, 0.7841128029014315], "tiempo": [577.40731001695, 2742.0783514221507, 773.0329666376114, 458.52615517377853, 321.16579644680024, 399.9577417373657, 481.4904718120893, 412.7399140437444, 392.9209136247635]}