{"mod": {"layer_sizes": [19, 114, 110], "activation": "identity", "alpha": 1.2774084876949148, "learning_rate_init": 0.022013225747051824, "fitness": 0.7840247835586587, "alpha_bin": "[]", "learning_rate_init_bin": "[]"}, "best_Scores": 0.7840247835586587, "tiempo": 220.31594213644664, "historia": [0.780008797855261, 0.780008797855261, 0.7807843159573328, 0.7840247835586587, 0.7840247835586587, 0.7840247835586587, 0.7840247835586587, 0.7840247835586587, 0.7840247835586587, 0.7840247835586587, 0.7840247835586587, 0.7840247835586587, 0.7840247835586587, 0.7840247835586587, 0.7840247835586587, 0.7840247835586587, 0.7840247835586587, 0.7840247835586587, 0.7840247835586587, 0.7840247835586587, 0.7840247835586587]}