{"num_iteraciones": 8, "prob_seleccion": [0.1, 0.2, 0.30000000000000004, 0.4, 0.5, 0.6, 0.7000000000000001, 0.8, 0.9], "best_Scores": [0.7824518372102699, 0.7832561609363805, 0.7833864563686477, 0.7827255683341853, 0.7821223498194607, 0.7828275825873557, 0.7826064125009649, 0.7818591950018765, 0.780452711362869], "tiempo": [713.3556531429291, 719.7813075621923, 498.4356418649356, 479.9811847925186, 497.3620534578959, 469.13244092464447, 362.88449711402257, 294.4018209417661, 204.02353791395822]}