{"mod": {"layer_sizes": [42, 118, 1, 1], "activation": "identity", "alpha": 0.19486547618408442, "learning_rate_init": 0.022013225747051824, "fitness": 0.7825629806902091}, "best_Scores": 0.7825629806902091, "tiempo": 161.54536650180816, "historia": [0.780008797855261, 0.780008797855261, 0.7807843159573328, 0.7807843159573328, 0.7809712708672272, 0.7825629806902091, 0.7825629806902091, 0.7825629806902091, 0.7825629806902091, 0.7825629806902091, 0.7825629806902091, 0.7825629806902091, 0.7825629806902091, 0.7825629806902091, 0.7825629806902091, 0.7825629806902091, 0.7825629806902091, 0.7825629806902091, 0.7825629806902091, 0.7825629806902091, 0.7825629806902091]}