{"mod": {"layer_sizes": [7, 72, 94], "activation": "identity", "alpha": 0.01983642578125, "alpha_bin": "[1, 0, 0, 0, 0, 0, 1, 0, 0, 0, 0, 0, 0, 0, 0]", "learning_rate_init": 0.1708984375, "learning_rate_init_bin": "[0, 0, 0, 0, 0, 1, 1, 1, 1, 0, 1, 0, 1, 0, 0]", "fitness": 0.7836479407319721}, "best_Scores": 0.7836479407319721, "tiempo": 217.4125842531522, "historia": [0.7787815092833942, 0.7807413211840287, 0.7807413211840287, 0.7807413211840287, 0.7830207822768377, 0.7830207822768377, 0.7830207822768377, 0.7830532590154707, 0.7830532590154707, 0.7830532590154707, 0.7830532590154707, 0.7830532590154707, 0.7830821229111697, 0.7830821229111697, 0.7830821229111697, 0.7830821229111697, 0.7830821229111697, 0.7830821229111697, 0.7830821229111697, 0.7830821229111697, 0.7830821229111697]}