{"mod": {"layer_sizes": [9, 50, 18], "activation": "identity", "alpha": 0.00592041015625, "alpha_bin": "[0, 1, 0, 0, 0, 0, 1, 1, 0, 0, 0, 0, 0, 0, 0]", "learning_rate_init": 1.246337890625, "learning_rate_init_bin": "[0, 0, 1, 0, 1, 1, 1, 1, 1, 1, 1, 1, 0, 0, 0]", "fitness": 0.7829022091602195}, "best_Scores": 0.7829022091602195, "tiempo": 274.912916970253, "historia": [0.7787815092833942, 0.7807413211840287, 0.7807413211840287, 0.7829022091602195, 0.7829022091602195, 0.7829022091602195, 0.7829022091602195, 0.7829022091602195, 0.7829022091602195, 0.7829022091602195, 0.7829022091602195, 0.7829022091602195, 0.7829022091602195, 0.7829022091602195, 0.7829022091602195, 0.7829022091602195, 0.7829022091602195, 0.7829022091602195, 0.7829022091602195, 0.7829022091602195, 0.7829022091602195]}