{"num_iteraciones": 8, "prob_seleccion": [0.1, 0.2, 0.30000000000000004, 0.4, 0.5, 0.6, 0.7000000000000001, 0.8, 0.9], "best_Scores": [0.7826804077975096, 0.7829791083278321, 0.7832460022436143, 0.7831491061846005, 0.7834526626866085, 0.7834465247383982, 0.7824746797010788, 0.7821477951110931, 0.7822231500797098], "tiempo": [822.1780753572782, 881.2693280537923, 744.5791318694751, 809.0967128793399, 498.2304621656736, 578.7199174483617, 151.1797280748685, 200.29245653947194, 76.20054633617401]}