{"num_iteraciones": 9, "prob_mutacion": [0.1, 0.2, 0.30000000000000004, 0.4, 0.5, 0.6, 0.7000000000000001, 0.8, 0.9], "best_scores": [0.7840247835586587, 0.7822796881580448, 0.7824016458869278, 0.7814218079202142, 0.7843846401963894, 0.783298932334987, 0.7827075526792319, 0.7844728440660861, 0.7831288762065584], "tiempo": [517.7948140184085, 443.7176157951355, 537.2265602668126, 569.870882344246, 396.0572747548421, 621.6960785388947, 612.1435280124347, 729.5830267031987, 402.89495112895963]}