{"num_iteraciones": 8, "prob_seleccion": [0.1, 0.2, 0.30000000000000004, 0.4, 0.5, 0.6, 0.7000000000000001, 0.8, 0.9], "best_Scores": [0.7832143898679413, 0.7839055791657215, 0.7828371197157462, 0.7821565747079007, 0.7822796881580448, 0.7828390621044203, 0.7815465092730995, 0.7809630545631353, 0.7805429061809566], "tiempo": [604.8636563777924, 784.2972360690435, 398.64769317706424, 597.1062242269516, 412.0471371293068, 338.68448552687966, 661.9433544794719, 399.9708411415418, 127.76107467810313]}