{"num_iteraciones": 9, "prob_mutacion": [0.1, 0.2, 0.30000000000000004, 0.4, 0.5, 0.6, 0.7000000000000001, 0.8, 0.9], "best_scores": [0.7831889931360259, 0.7821223498194607, 0.783117454961154, 0.7825010961870483, 0.7838178123334767, 0.7840247835586587, 0.7845756061000484, 0.7841250302381358, 0.7849325783294456], "tiempo": [861.8692981600761, 565.8811657746633, 609.560431377093, 661.6165029525757, 911.2142761866252, 542.8336323738098, 703.1508818149566, 469.94487046400707, 766.1313098827998]}