{"mod": {"layer_sizes": [81, 24, 98], "activation": "identity", "alpha": 0.00015046509907209833, "learning_rate_init": 0.2008, "fitness": 0.7834564114967499}, "best_Scores": 0.7834564114967499, "tiempo": 195.90807181596756, "historia": [0.780008797855261, 0.780008797855261, 0.7823563882308184, 0.7831751827525519, 0.7831751827525519, 0.7831751827525519, 0.7831751827525519, 0.7831751827525519, 0.7831751827525519, 0.7831751827525519, 0.7831751827525519, 0.7831751827525519, 0.7831751827525519, 0.7834564114967499, 0.7834564114967499, 0.7834564114967499, 0.7834564114967499, 0.7834564114967499, 0.7834564114967499, 0.7834564114967499, 0.7834564114967499]}