{"mod": {"layer_sizes": [42, 62], "activation": "relu", "alpha": 0.00018350867149338103, "learning_rate_init": 0.0010554300392555654, "fitness": 0.7832074943881477, "learning_rate_init_bin": "[]", "alpha_bin": "[]"}, "best_Scores": 0.7832074943881477, "tiempo": 409.6315953850746, "historia": [0.780008797855261, 0.7807811401518505, 0.7824869458855567, 0.7824869458855567, 0.7824869458855567, 0.782664849264229, 0.7832020168520865, 0.7832020168520865, 0.7832020168520865, 0.7832020168520865, 0.7832020168520865, 0.7832020168520865, 0.7832020168520865, 0.7832070185029226, 0.7832074264045441, 0.7832074264045441, 0.7832074264045441, 0.7832074943881477, 0.7832074943881477, 0.7832074943881477, 0.7832074943881477]}