{"mod": {"layer_sizes": [19, 114, 62], "activation": "tanh", "alpha": 1.3422882364300124, "learning_rate_init": 0.001, "fitness": 0.785376326734016, "learning_rate_init_bin": "[]", "alpha_bin": "[]"}, "best_Scores": 0.785376326734016, "tiempo": 370.97010813156766, "historia": [0.780008797855261, 0.780008797855261, 0.7806545741058379, 0.7840247835586587, 0.7840247835586587, 0.7840247835586587, 0.7840247835586587, 0.7844370749786502, 0.7846561084374994, 0.7846561084374994, 0.7846561084374994, 0.7846561084374994, 0.7851215436116176, 0.7851215436116176, 0.7851215436116176, 0.7851215436116176, 0.7852189738275169, 0.7852189738275169, 0.7852189738275169, 0.7852189738275169, 0.785376326734016]}