{"mod": {"layer_sizes": [7, 72, 127, 36], "activation": "identity", "alpha": 0.002410888671875, "alpha_bin": "[1, 1, 1, 1, 0, 0, 1, 0, 0, 0, 0, 0, 0, 0, 0]", "learning_rate_init": 0.2264404296875, "learning_rate_init_bin": "[0, 1, 1, 0, 0, 1, 1, 1, 0, 1, 0, 0, 0, 0, 0]", "fitness": 0.7827576371711967}, "best_Scores": 0.7827576371711967, "tiempo": 389.8463419318199, "historia": [0.7787815092833942, 0.7807413211840287, 0.7807413211840287, 0.7807413211840287, 0.7812319588511952, 0.7821737065760075, 0.7821737065760075, 0.7821737065760075, 0.7821737065760075, 0.7821737065760075, 0.7821737065760075, 0.7827576371711967, 0.7827576371711967, 0.7827576371711967, 0.7827576371711967, 0.7827576371711967, 0.7827576371711967, 0.7827576371711967, 0.7827576371711967, 0.7827576371711967, 0.7827576371711967]}