{"mod": {"layer_sizes": [20, 81, 127], "activation": "identity", "alpha": 0.002899169921875, "alpha_bin": "[1, 1, 1, 1, 1, 0, 1, 0, 0, 0, 0, 0, 0, 0, 0]", "learning_rate_init": 0.1861572265625, "learning_rate_init_bin": "[0, 1, 0, 0, 0, 1, 1, 0, 0, 1, 0, 0, 0, 0, 0]", "fitness": 0.7834814488867607}, "best_Scores": 0.7834814488867607, "tiempo": 419.08481878439585, "historia": [0.7787815092833942, 0.7807413211840287, 0.7807413211840287, 0.7817099612800357, 0.7824789432442188, 0.7827520236679282, 0.7827520236679282, 0.7832352122745289, 0.7832352122745289, 0.7832352122745289, 0.7834814488867607, 0.7834814488867607, 0.7834814488867607, 0.7834814488867607, 0.7834814488867607, 0.7834814488867607, 0.7834814488867607, 0.7834814488867607, 0.7834814488867607, 0.7834814488867607, 0.7834814488867607]}