{"mod": {"layer_sizes": [3, 1, 1, 1], "activation": "identity", "alpha": 0.6403525606738166, "learning_rate_init": 0.006007614678632964, "fitness": 0.7827094562201328, "learning_rate_init_bin": "[]", "alpha_bin": "[]"}, "best_Scores": 0.7827094562201328, "tiempo": 372.08265399138133, "historia": [0.7798600108828153, 0.780008797855261, 0.780008797855261, 0.7818400042017751, 0.7818400042017751, 0.7818400042017751, 0.7818400042017751, 0.7818400042017751, 0.7818400042017751, 0.7818400042017751, 0.7826914017174056, 0.7826914017174056, 0.7827094562201328, 0.7827094562201328, 0.7827094562201328, 0.7827094562201328, 0.7827094562201328, 0.7827094562201328, 0.7827094562201328, 0.7827094562201328, 0.7827094562201328]}