{"mod": {"layer_sizes": [42, 1, 1, 1], "activation": "identity", "alpha": 0.5000950000000001, "learning_rate_init": 0.001, "fitness": 0.7826169790953528, "learning_rate_init_bin": "[]", "alpha_bin": "[]"}, "best_Scores": 0.7826169790953528, "tiempo": 226.6721445361773, "historia": [0.7798600108828153, 0.7807811401518505, 0.7826169790953528, 0.7826169790953528, 0.7826169790953528, 0.7826169790953528, 0.7826169790953528, 0.7826169790953528, 0.7826169790953528, 0.7826169790953528, 0.7826169790953528, 0.7826169790953528, 0.7826169790953528, 0.7826169790953528, 0.7826169790953528, 0.7826169790953528, 0.7826169790953528, 0.7826169790953528, 0.7826169790953528, 0.7826169790953528, 0.7826169790953528]}