{"mod": {"layer_sizes": [93, 68, 118], "activation": "identity", "alpha": 0.0001, "learning_rate_init": 0.001, "fitness": 0.7832440598549401, "learning_rate_init_bin": "[]", "alpha_bin": "[]"}, "best_Scores": 0.7832440598549401, "tiempo": 294.8796688159307, "historia": [0.7798600108828153, 0.7807711659860083, 0.7816841469345552, 0.7823050703220453, 0.7824632973034478, 0.7832440598549401, 0.7832440598549401, 0.7832440598549401, 0.7832440598549401, 0.7832440598549401, 0.7832440598549401, 0.7832440598549401, 0.7832440598549401, 0.7832440598549401, 0.7832440598549401, 0.7832440598549401, 0.7832440598549401, 0.7832440598549401, 0.7832440598549401, 0.7832440598549401, 0.7832440598549401]}