{"mod": {"layer_sizes": [41, 109, 118], "activation": "identity", "alpha": 0.31792361654988777, "learning_rate_init": 0.006007614678632964, "fitness": 0.7830048061299921, "learning_rate_init_bin": "[]", "alpha_bin": "[]"}, "best_Scores": 0.7830048061299921, "tiempo": 321.51977013349534, "historia": [0.7798600108828153, 0.7798600108828153, 0.7803836885813302, 0.7814769329107887, 0.7816818354920329, 0.7821798833719914, 0.7821798833719914, 0.7830048061299921, 0.7830048061299921, 0.7830048061299921, 0.7830048061299921, 0.7830048061299921, 0.7830048061299921, 0.7830048061299921, 0.7830048061299921, 0.7830048061299921, 0.7830048061299921, 0.7830048061299921, 0.7830048061299921, 0.7830048061299921, 0.7830048061299921]}